user56,seller
user78,cashier
user768,owner
user56,seller
user78,cashier
user768,owner
user56,seller
user78,cashier
user768,owner
user56,seller
user78,cashier
user768,owner
user56,seller
user78,cashier
user768,owner
user56,seller
user78,cashier
user768,owner
user56,seller
user78,cashier
user768,owner
user56,seller
user78,cashier
user768,owner
user56,seller
user78,cashier
user768,owner
user56,seller
user78,cashier
user768,owner
user56,seller
user78,cashier
user768,owner
user56,seller
user78,cashier
user768,owner
user56,seller
user78,cashier
user768,owner
user56,seller
user78,cashier
user768,owner
user56,seller
user78,cashier
user768,owner
user56,seller
user78,cashier
user768,owner
user56,seller
user78,cashier
user768,owner
user56,seller
user78,cashier
user768,owner
user56,seller
user78,cashier
user768,owner
user56,seller
user78,cashier
user768,owner
user56,seller
user78,cashier
user768,owner
user56,seller
user78,cashier
user768,owner
user56,seller
user78,cashier
user768,owner
user56,seller
user78,cashier
user768,owner
user56,seller
user78,cashier
user768,owner
user56,seller
user78,cashier
user768,owner
user56,seller
user78,cashier
user768,owner
user56,seller
user78,cashier
user768,owner
